{"min": [18.052698135375977, -17.947072982788086, -5.614381790161133, -0.3473569452762604, 0.4640527367591858, -15.685160636901855, 0.836807131767273], "scale": [0.012792353518307209, 0.030663983896374702, 0.08768206834793091, 0.6394205093383789, 0.39315664768218994, 0.03586713224649429, 3.766448736190796], "feature_names": ["RSI14", "MACD", "MACD_Hist", "BB_Position", "Vol_Ratio", "Momentum", "SMA_Ratio"]}